{
  "training_duration": "09:26:57",
  "training_start_epoch": 30,
  "training_epochs": 40,
  "epoch": 70,
  "training_coref_precision": 0.7482027528151324,
  "training_coref_recall": 0.6663339684695783,
  "training_coref_f1": 0.703142692965255,
  "training_mention_recall": 0.9070990359333918,
  "training_loss": 226.98593521118164,
  "validation_coref_precision": 0.4710558384927499,
  "validation_coref_recall": 0.3132088743847284,
  "validation_coref_f1": 0.37537710042867634,
  "validation_mention_recall": 0.81875,
  "validation_loss": 229.33910369873047,
  "best_epoch": 57,
  "best_validation_coref_precision": 0.6233069612379957,
  "best_validation_coref_recall": 0.30781778300122115,
  "best_validation_coref_f1": 0.4113456264622348,
  "best_validation_mention_recall": 0.825,
  "best_validation_loss": 170.57433319091797
}