{
  "training_duration": "08:19:28",
  "training_start_epoch": 30,
  "training_epochs": 35,
  "epoch": 65,
  "training_coref_precision": 0.8427764834625631,
  "training_coref_recall": 0.6127057385138096,
  "training_coref_f1": 0.7017093157961423,
  "training_mention_recall": 0.8974583698510079,
  "training_loss": 140.55465412139893,
  "validation_coref_precision": 0.5889348268866341,
  "validation_coref_recall": 0.29461930050803964,
  "validation_coref_f1": 0.39246121781445226,
  "validation_mention_recall": 0.81875,
  "validation_loss": 199.7336883544922,
  "best_epoch": 57,
  "best_validation_coref_precision": 0.6233069612379957,
  "best_validation_coref_recall": 0.30781778300122115,
  "best_validation_coref_f1": 0.4113456264622348,
  "best_validation_mention_recall": 0.825,
  "best_validation_loss": 170.57433319091797
}