{
  "training_duration": "03:46:21",
  "training_start_epoch": 30,
  "training_epochs": 15,
  "epoch": 45,
  "training_coref_precision": 0.7689225176818063,
  "training_coref_recall": 0.3759461212261046,
  "training_coref_f1": 0.49814883976319296,
  "training_mention_recall": 0.8781770376862401,
  "training_loss": 471.2043685913086,
  "validation_coref_precision": 0.5172501493274575,
  "validation_coref_recall": 0.29420233378629107,
  "validation_coref_f1": 0.37486307857721385,
  "validation_mention_recall": 0.8375,
  "validation_loss": 158.93017959594727,
  "best_epoch": 37,
  "best_validation_coref_precision": 0.4768388884087614,
  "best_validation_coref_recall": 0.3226776342891447,
  "best_validation_coref_f1": 0.382614595643441,
  "best_validation_mention_recall": 0.81875,
  "best_validation_loss": 151.9683837890625
}