{
  "training_duration": "04:47:20",
  "training_start_epoch": 0,
  "training_epochs": 19,
  "epoch": 19,
  "training_coref_precision": 0.6013729025100841,
  "training_coref_recall": 0.05545425045013691,
  "training_coref_f1": 0.10025069857340685,
  "training_mention_recall": 0.7747589833479404,
  "training_loss": 996.4486694335938,
  "validation_coref_precision": 0.4198956821947893,
  "validation_coref_recall": 0.08355432766184488,
  "validation_coref_f1": 0.13793344264011623,
  "validation_mention_recall": 0.75,
  "validation_loss": 139.1925048828125,
  "best_epoch": 19,
  "best_validation_coref_precision": 0.4198956821947893,
  "best_validation_coref_recall": 0.08355432766184488,
  "best_validation_coref_f1": 0.13793344264011623,
  "best_validation_mention_recall": 0.75,
  "best_validation_loss": 139.1925048828125
}