{
  "training_duration": "02:08:00",
  "training_start_epoch": 30,
  "training_epochs": 8,
  "epoch": 38,
  "training_coref_precision": 0.6513231580208902,
  "training_coref_recall": 0.4221854469956065,
  "training_coref_f1": 0.511991496131955,
  "training_mention_recall": 0.8676599474145487,
  "training_loss": 565.8745880126953,
  "validation_coref_precision": 0.47719933256230895,
  "validation_coref_recall": 0.3210072783859846,
  "validation_coref_f1": 0.38170900019701115,
  "validation_mention_recall": 0.81875,
  "validation_loss": 155.0283432006836,
  "best_epoch": 37,
  "best_validation_coref_precision": 0.4768388884087614,
  "best_validation_coref_recall": 0.3226776342891447,
  "best_validation_coref_f1": 0.382614595643441,
  "best_validation_mention_recall": 0.81875,
  "best_validation_loss": 151.9683837890625
}