{
  "training_duration": "02:29:05",
  "training_start_epoch": 0,
  "training_epochs": 54,
  "epoch": 54,
  "training_coref_precision": 0.6170557659554233,
  "training_coref_recall": 0.20058090288296895,
  "training_coref_f1": 0.301262180828315,
  "training_mention_recall": 0.6126205083260298,
  "training_loss": 532.3261108398438,
  "validation_coref_precision": 0.5024250735287047,
  "validation_coref_recall": 0.18502101141863547,
  "validation_coref_f1": 0.2660538634902112,
  "validation_mention_recall": 0.50625,
  "validation_loss": 77.13197135925293,
  "best_epoch": 54,
  "best_validation_coref_precision": 0.5024250735287047,
  "best_validation_coref_recall": 0.18502101141863547,
  "best_validation_coref_f1": 0.2660538634902112,
  "best_validation_mention_recall": 0.50625,
  "best_validation_loss": 77.13197135925293
}