{
  "training_duration": "03:43:19",
  "training_start_epoch": 0,
  "training_epochs": 81,
  "epoch": 81,
  "training_coref_precision": 0.7166942390534228,
  "training_coref_recall": 0.23753315550342444,
  "training_coref_f1": 0.3510864834449466,
  "training_mention_recall": 0.7397020157756354,
  "training_loss": 563.7255477905273,
  "validation_coref_precision": 0.6297578025838896,
  "validation_coref_recall": 0.1746978621192458,
  "validation_coref_f1": 0.27299786756740524,
  "validation_mention_recall": 0.6,
  "validation_loss": 93.78779220581055,
  "best_epoch": 79,
  "best_validation_coref_precision": 0.5162061794414735,
  "best_validation_coref_recall": 0.2254410967149312,
  "best_validation_coref_f1": 0.3130805563868028,
  "best_validation_mention_recall": 0.60625,
  "best_validation_loss": 88.26571083068848
}