{
  "training_duration": "06:28:39",
  "training_start_epoch": 0,
  "training_epochs": 141,
  "epoch": 141,
  "training_coref_precision": 0.7888874521837298,
  "training_coref_recall": 0.5889193025774295,
  "training_coref_f1": 0.6707449806530995,
  "training_mention_recall": 0.852760736196319,
  "training_loss": 229.9629898071289,
  "validation_coref_precision": 0.6266487212656985,
  "validation_coref_recall": 0.2439872568965611,
  "validation_coref_f1": 0.34984706536891114,
  "validation_mention_recall": 0.6875,
  "validation_loss": 110.64817428588867,
  "best_epoch": 130,
  "best_validation_coref_precision": 0.6269772555486841,
  "best_validation_coref_recall": 0.27624233788130165,
  "best_validation_coref_f1": 0.382886027836864,
  "best_validation_mention_recall": 0.675,
  "best_validation_loss": 109.96942138671875
}