{
  "training_duration": "05:14:58",
  "training_start_epoch": 0,
  "training_epochs": 115,
  "epoch": 115,
  "training_coref_precision": 0.799975036193144,
  "training_coref_recall": 0.37907562391276084,
  "training_coref_f1": 0.5092915700298595,
  "training_mention_recall": 0.8141980718667835,
  "training_loss": 387.75364685058594,
  "validation_coref_precision": 0.567253989027568,
  "validation_coref_recall": 0.23696887669509215,
  "validation_coref_f1": 0.3338515178958195,
  "validation_mention_recall": 0.65625,
  "validation_loss": 101.14933586120605,
  "best_epoch": 108,
  "best_validation_coref_precision": 0.5139570390225183,
  "best_validation_coref_recall": 0.27183664814068126,
  "best_validation_coref_f1": 0.3538105004789209,
  "best_validation_mention_recall": 0.6375,
  "best_validation_loss": 95.69446754455566
}