{
  "training_duration": "02:14:55",
  "training_start_epoch": 0,
  "training_epochs": 49,
  "epoch": 49,
  "training_coref_precision": 0.6380588935127578,
  "training_coref_recall": 0.15524085904179774,
  "training_coref_f1": 0.2486409950638783,
  "training_mention_recall": 0.5994741454864154,
  "training_loss": 539.0561447143555,
  "validation_coref_precision": 0.5470150164138053,
  "validation_coref_recall": 0.11769663095658901,
  "validation_coref_f1": 0.19233485874261488,
  "validation_mention_recall": 0.49375,
  "validation_loss": 65.51898670196533,
  "best_epoch": 48,
  "best_validation_coref_precision": 0.5390645574469104,
  "best_validation_coref_recall": 0.14009869175337877,
  "best_validation_coref_f1": 0.2220390340685899,
  "best_validation_mention_recall": 0.49375,
  "best_validation_loss": 71.8495512008667
}