{
  "training_duration": "01:44:09",
  "training_start_epoch": 0,
  "training_epochs": 38,
  "epoch": 38,
  "training_coref_precision": 0.6007301508106307,
  "training_coref_recall": 0.09307430704899843,
  "training_coref_f1": 0.16016028118780026,
  "training_mention_recall": 0.5530236634531113,
  "training_loss": 605.6113662719727,
  "validation_coref_precision": 0.4793650793650794,
  "validation_coref_recall": 0.08592999764757776,
  "validation_coref_f1": 0.14509567899163442,
  "validation_mention_recall": 0.475,
  "validation_loss": 75.1104679107666,
  "best_epoch": 36,
  "best_validation_coref_precision": 0.4563976113794954,
  "best_validation_coref_recall": 0.0932893050068851,
  "best_validation_coref_f1": 0.15454747919601217,
  "best_validation_mention_recall": 0.45625,
  "best_validation_loss": 67.20362567901611
}