{
  "training_duration": "00:58:21",
  "training_start_epoch": 0,
  "training_epochs": 21,
  "epoch": 21,
  "training_coref_precision": 0.5928145680702722,
  "training_coref_recall": 0.026714830383307353,
  "training_coref_f1": 0.050984309840640174,
  "training_mention_recall": 0.2962313759859772,
  "training_loss": 387.4115791320801,
  "validation_coref_precision": 0.40368251677775485,
  "validation_coref_recall": 0.03670324001386196,
  "validation_coref_f1": 0.06649297225859992,
  "validation_mention_recall": 0.30625,
  "validation_loss": 82.92804908752441,
  "best_epoch": 15,
  "best_validation_coref_precision": 0.40368251677775485,
  "best_validation_coref_recall": 0.03670324001386196,
  "best_validation_coref_f1": 0.06649297225859992,
  "best_validation_mention_recall": 0.28125,
  "best_validation_loss": 68.66727066040039
}