{
  "training_duration": "03:21:33",
  "training_start_epoch": 0,
  "training_epochs": 73,
  "epoch": 73,
  "training_coref_precision": 0.5881167965329958,
  "training_coref_recall": 0.29221613487894743,
  "training_coref_f1": 0.38913772995537155,
  "training_mention_recall": 0.7037686240140227,
  "training_loss": 538.1943130493164,
  "validation_coref_precision": 0.43644661969126597,
  "validation_coref_recall": 0.19916467871986968,
  "validation_coref_f1": 0.2681641519710239,
  "validation_mention_recall": 0.5625,
  "validation_loss": 74.29043388366699,
  "best_epoch": 61,
  "best_validation_coref_precision": 0.6242591368531217,
  "best_validation_coref_recall": 0.20285577649309305,
  "best_validation_coref_f1": 0.30517846586337455,
  "best_validation_mention_recall": 0.5375,
  "best_validation_loss": 77.23679542541504
}