{
  "training_duration": "06:13:03",
  "training_start_epoch": 0,
  "training_epochs": 135,
  "epoch": 135,
  "training_coref_precision": 0.8241852871678271,
  "training_coref_recall": 0.5562316065168349,
  "training_coref_f1": 0.6589226517342287,
  "training_mention_recall": 0.8501314636283961,
  "training_loss": 199.7053279876709,
  "validation_coref_precision": 0.6049003641860785,
  "validation_coref_recall": 0.26415196558827386,
  "validation_coref_f1": 0.3668163400330562,
  "validation_mention_recall": 0.7,
  "validation_loss": 120.23827362060547,
  "best_epoch": 130,
  "best_validation_coref_precision": 0.6269772555486841,
  "best_validation_coref_recall": 0.27624233788130165,
  "best_validation_coref_f1": 0.382886027836864,
  "best_validation_mention_recall": 0.675,
  "best_validation_loss": 109.96942138671875
}