{
  "training_duration": "02:03:17",
  "training_start_epoch": 0,
  "training_epochs": 45,
  "epoch": 45,
  "training_coref_precision": 0.5983395320015698,
  "training_coref_recall": 0.13530113349117787,
  "training_coref_f1": 0.21928647200980853,
  "training_mention_recall": 0.5810692375109553,
  "training_loss": 567.8343887329102,
  "validation_coref_precision": 0.4662075442712698,
  "validation_coref_recall": 0.1458331771349641,
  "validation_coref_f1": 0.22044931001672896,
  "validation_mention_recall": 0.4875,
  "validation_loss": 77.09155559539795,
  "best_epoch": 45,
  "best_validation_coref_precision": 0.4662075442712698,
  "best_validation_coref_recall": 0.1458331771349641,
  "best_validation_coref_f1": 0.22044931001672896,
  "best_validation_mention_recall": 0.4875,
  "best_validation_loss": 77.09155559539795
}