{
  "training_duration": "05:58:26",
  "training_start_epoch": 0,
  "training_epochs": 130,
  "epoch": 130,
  "training_coref_precision": 0.7470098129348685,
  "training_coref_recall": 0.5386761703759994,
  "training_coref_f1": 0.6230104995240733,
  "training_mention_recall": 0.8396143733567046,
  "training_loss": 290.7278518676758,
  "validation_coref_precision": 0.6269772555486841,
  "validation_coref_recall": 0.27624233788130165,
  "validation_coref_f1": 0.382886027836864,
  "validation_mention_recall": 0.675,
  "validation_loss": 109.96942138671875,
  "best_epoch": 130,
  "best_validation_coref_precision": 0.6269772555486841,
  "best_validation_coref_recall": 0.27624233788130165,
  "best_validation_coref_f1": 0.382886027836864,
  "best_validation_mention_recall": 0.675,
  "best_validation_loss": 109.96942138671875
}