{
  "training_duration": "06:26:04",
  "training_start_epoch": 0,
  "training_epochs": 140,
  "epoch": 140,
  "training_coref_precision": 0.8159169979442707,
  "training_coref_recall": 0.5603140731468176,
  "training_coref_f1": 0.6606649324777246,
  "training_mention_recall": 0.8518843120070114,
  "training_loss": 219.31511116027832,
  "validation_coref_precision": 0.6093025235273439,
  "validation_coref_recall": 0.23957795857191885,
  "validation_coref_f1": 0.3425063911960639,
  "validation_mention_recall": 0.6875,
  "validation_loss": 109.8526725769043,
  "best_epoch": 130,
  "best_validation_coref_precision": 0.6269772555486841,
  "best_validation_coref_recall": 0.27624233788130165,
  "best_validation_coref_f1": 0.382886027836864,
  "best_validation_mention_recall": 0.675,
  "best_validation_loss": 109.96942138671875
}