{
  "training_duration": "01:36:35",
  "training_start_epoch": 0,
  "training_epochs": 35,
  "epoch": 35,
  "training_coref_precision": 0.6266236953338128,
  "training_coref_recall": 0.07664786825445097,
  "training_coref_f1": 0.13593587059271248,
  "training_mention_recall": 0.5170902716914987,
  "training_loss": 607.2596130371094,
  "validation_coref_precision": 0.45576788218793823,
  "validation_coref_recall": 0.0914675156850958,
  "validation_coref_f1": 0.15157595775805538,
  "validation_mention_recall": 0.45,
  "validation_loss": 70.20331001281738,
  "best_epoch": 35,
  "best_validation_coref_precision": 0.45576788218793823,
  "best_validation_coref_recall": 0.0914675156850958,
  "best_validation_coref_f1": 0.15157595775805538,
  "best_validation_mention_recall": 0.45,
  "best_validation_loss": 70.20331001281738
}