{
  "training_duration": "02:26:11",
  "training_start_epoch": 0,
  "training_epochs": 53,
  "epoch": 53,
  "training_coref_precision": 0.673686746728659,
  "training_coref_recall": 0.13120926247531664,
  "training_coref_f1": 0.21567960906042796,
  "training_mention_recall": 0.6064855390008764,
  "training_loss": 555.2161254882812,
  "validation_coref_precision": 0.5545362248213125,
  "validation_coref_recall": 0.1736892148667131,
  "validation_coref_f1": 0.2626969894265044,
  "validation_mention_recall": 0.5,
  "validation_loss": 65.62872886657715,
  "best_epoch": 51,
  "best_validation_coref_precision": 0.5607609211775878,
  "best_validation_coref_recall": 0.1736920069991349,
  "best_validation_coref_f1": 0.26354369070743383,
  "best_validation_mention_recall": 0.5,
  "best_validation_loss": 71.14670944213867
}